{
    "step": 4,
    "loss": 0.3124069571495056,
    "val_loss": 0.36192286014556885,
    "val_f1": 0.8686293076420374,
    "val_recall": 0.875945537065053,
    "val_precision": 0.8860097529542553
}