{
    "step": 6,
    "loss": 0.8888249397277832,
    "fbeta_score": 0.011982097290456295,
    "val_loss": 1.0604944229125977,
    "val_fbeta_score": 0.014176061376929283
}