{
    "step": 19,
    "loss": 0.09768438339233398,
    "fbeta_score": 0.12761543691158295,
    "val_loss": 1.236365556716919,
    "val_fbeta_score": 0.11086062341928482
}