{
    "step": 29,
    "loss": 0.17400258779525757,
    "val_loss": 1.289589524269104
}