epoch,loss,fbeta_score,val_loss,val_fbeta_score
0.0,1.295819640159607,0.0,1.2189942598342896,0.0
1.0,1.1820149421691895,0.0,1.15959894657135,0.0
2.0,1.1303514242172241,0.0003047299396712333,1.0973427295684814,0.0010167029686272144
3.0,1.0829204320907593,0.0026883359532803297,1.090187907218933,0.0002904970897361636
4.0,1.0534906387329102,0.0029356153681874275,1.0377188920974731,0.0018299591029062867
5.0,1.0026112794876099,0.005450900178402662,0.9891068339347839,0.006925137713551521
6.0,0.9766654372215271,0.007872111164033413,0.9702856540679932,0.007157375104725361
