epoch,loss,fbeta_score,val_loss,val_fbeta_score
0.0,1.2800965309143066,0.0003011454246006906,1.1783652305603027,0.0009150392725132406
1.0,1.166766881942749,0.002681176410987973,1.12217378616333,0.005793229676783085
2.0,1.0890700817108154,0.004730809945613146,1.0701019763946533,0.008158584125339985
3.0,1.0284979343414307,0.0066724237985908985,1.0661851167678833,0.006794425193220377
4.0,0.9801598787307739,0.007753854617476463,0.9971297979354858,0.011712287552654743
5.0,0.9487931728363037,0.010432320646941662,0.9794195294380188,0.004428826738148928
6.0,0.8888249397277832,0.011982097290456295,1.0604944229125977,0.014176061376929283
