{"train": {"loss": 0.3300514221191406, "final_loss": 0.3300514221191406, "final_fbeta_score": 0.09233373403549194}, "eval": {"loss": 0.5002381801605225, "final_loss": 0.543713390827179, "final_fbeta_score": 0.0910637155175209}}