{"train": {"loss": 0.25017088651657104, "final_loss": 0.25441572070121765, "final_fbeta_score": 0.10352601855993271}, "eval": {"loss": 0.5575352311134338, "final_loss": 0.599804699420929, "final_fbeta_score": 0.08739832788705826}}