{"train": {"loss": 0.08698432892560959, "final_loss": 0.09768438339233398, "final_fbeta_score": 0.12761543691158295}, "eval": {"loss": 0.7586967349052429, "final_loss": 1.236365556716919, "final_fbeta_score": 0.11086062341928482}}