{"train": {"loss": 0.9766654372215271, "final_loss": 0.9766654372215271, "final_fbeta_score": 0.007872111164033413}, "eval": {"loss": 0.9702856540679932, "final_loss": 0.9702856540679932, "final_fbeta_score": 0.007157375104725361}}