{"train": {"loss": 0.3320520520210266, "final_loss": 0.33964815735816956, "final_fbeta_score": 0.09114008396863937}, "eval": {"loss": 0.5358779430389404, "final_loss": 0.591105043888092, "final_fbeta_score": 0.08722754567861557}}