{"train": {"loss": 0.4052490293979645, "final_loss": 0.4052490293979645, "final_fbeta_score": 0.08088192343711853}, "eval": {"loss": 0.6610108017921448, "final_loss": 0.6610108017921448, "final_fbeta_score": 0.07991286367177963}}