{"train": {"loss": 0.08681432157754898, "final_loss": 0.09272027760744095, "final_fbeta_score": 0.12856045365333557}, "eval": {"loss": 0.7608023285865784, "final_loss": 1.2126938104629517, "final_fbeta_score": 0.10979492962360382}}