{"train": {"loss": 0.25101014971733093, "final_loss": 0.25101014971733093, "final_fbeta_score": 0.10564965754747391}, "eval": {"loss": 0.5561560988426208, "final_loss": 0.617798924446106, "final_fbeta_score": 0.09923843294382095}}