{"train": {"loss": 0.20675580203533173, "final_loss": 0.2081189751625061, "final_fbeta_score": 0.1119687408208847}, "eval": {"loss": 0.5330891609191895, "final_loss": 0.5661094188690186, "final_fbeta_score": 0.0955808088183403}}