{"train": {"loss": 0.24697427451610565, "final_loss": 0.24697427451610565, "final_fbeta_score": 0.10409659892320633}, "eval": {"loss": 0.5347495079040527, "final_loss": 0.6224814057350159, "final_fbeta_score": 0.10535068809986115}}