{"train": {"loss": 0.8888249397277832, "final_loss": 0.8888249397277832, "final_fbeta_score": 0.011982097290456295}, "eval": {"loss": 0.9794195294380188, "final_loss": 1.0604944229125977, "final_fbeta_score": 0.014176061376929283}}