{"train": {"loss": 0.17400258779525757, "final_loss": 0.17400258779525757}, "eval": {"loss": 0.802696704864502, "final_loss": 1.289589524269104, "final_f1": 0.7367158500729907}}