{"train": {"loss": 0.5937120318412781, "final_loss": 0.5937120318412781, "final_fbeta_score": 0.04570548236370087}, "eval": {"loss": 0.6579697132110596, "final_loss": 0.6579697132110596, "final_fbeta_score": 0.03202078118920326}}