{
    "step": 4,
    "loss": 0.3782792091369629,
    "val_loss": 0.30895742774009705,
    "val_f1": 0.876830606908119,
    "val_recall": 0.8819969742813918,
    "val_precision": 0.8768830237876252
}