{
    "step": 4,
    "loss": 0.2659369111061096,
    "val_loss": 0.2264367640018463,
    "val_f1": 0.9245829232621413,
    "val_recall": 0.9251134644478064,
    "val_precision": 0.9259480580552866
}